Facultad,Instituto,Proyecto
CIENCIAS,Centro de Investigaciones de Biología Marina,Restauración y actualización de la Colección de Moluscos Marinos del CIBIMA
CIENCIAS,Centro de Investigaciones de Biología Marina,"Dinámica Geomorfológica, Sedimentaria y el Impacto del Cambio Climático sobre las Playas del Tramo Costero de Cabo Rojo, Bahía de las Águilas y Trudillé, Provincia Pedernales, R. D., Durante 2023-2025"
CIENCIAS,Centro de Investigaciones de Biología Marina,"Prevalencia de enfermedades en los arrecifes de coral en las localidades Caobita, Azua y San Andrés, Boca Chica."
CIENCIAS,Centro Nacional de Sismología,Determinación de los riesgos Sísmico y de tsunami en las zonas costeras y establecimiento de un Sistema de Alerta Temprana en República Dominicana
CIENCIAS,Centro Nacional de Sismología,Construcción de un catálogo completo de terremotos para la República Dominicana para la mitigación de riesgos sísmicos y estudios tectónicos.
CIENCIAS,Esc. Biología,"Determinación de la frecuencia, distribución geográfica y variantes genéticas de la b-talasemia y otras anemias en la República Dominicana"
CIENCIAS,Instituto de Física,Estudio de dosímetros termoluminiscentes a partir de nuevos materiales para servicios en el sector salud
CIENCIAS,Instituto de Física,Estudios de durabilidad y reproducibilidad de micro/nanosensores embebidos en hormigón para aplicaciones en monitorización estructural
CIENCIAS,Instituto de Física,Propiedades termoconductoras de estructuras de grafeno multicapas
CIENCIAS,Instituto de Física,"Cinética de adsorción, migración superficial y propiedades de saturación desde dímeros semirrígidos en multicapas en equilibrio"
CIENCIAS,Instituto de Física,"Deposición de láminas flexibles en multicapas: percolación, cinética de crecimiento, rugosidad y saturación"
CIENCIAS,Instituto de Física,Contaminación del aire por metales pesados y radionúclidos en aerosoles atmosféricos de zonas urbanas: Contribución a la gestión de la calidad del aire del Distrito Nacional
CIENCIAS,Instituto de Física,Bioimpedancia eléctrica en pacientes con cáncer.
CIENCIAS,Instituto de Física,Materiales inteligentes en la monitorización de la salud estructural de infraestructuras civiles y de transporte
CIENCIAS,Instituto de Física,Concepciones Previas de Cinemática y Leyes de Newton en Estudiantes de Ciencias e Ingeniería
CIENCIAS,Instituto de Física,Adsorción de moléculas poliatómicas puras y sus mezclas sobre superficies sólidas: teoría y simulación de Monte Carlo
CIENCIAS,Instituto de Física,Mejorando la enseñanza de Física en América Latina: Identificación de características de Docentes y Centros Educativos mediante Machine Learning y la Base de Datos de PISA
CIENCIAS,Instituto de Física,Aula invertida como innovación en la enseñanza de la Física y su impacto en el rendimiento académico de los estudiantes de la UASD Recinto San Francisco de Macorís y Sede Central: propuesta de intervención
CIENCIAS,Instituto de Física,"Evaluación de metales pesados en aire, suelo y sedimentos en áreas adyacentes a la central termoeléctrica Punta Catalina, Bani, República Dominicana"
CIENCIAS,Instituto de Investigaciones Botánicas y Zoológicas,Creando conocimiento sobre los polinizadores del cacao en sistemas agroforestales de la República Dominicana a fin de mejorar las prácticas de manejo
CIENCIAS,Instituto de Investigaciones Botánicas y Zoológicas,Biodiversity data mobilization in natural history state collections of the Dominican Republic
CIENCIAS,Instituto de Investigaciones Botánicas y Zoológicas,"Malacofauna dulceacuícola de la República Dominicana: Biomonitoreo, amenazas y estado de conservación. Tres décadas de vacío de información"
CIENCIAS,Instituto de Matemáticas,Evaluación de Polinomios y la Función ∅ de Euler
CIENCIAS,Instituto de Matemáticas,Caracterización del menor residuo cuadrático modulo P.
CIENCIAS,Instituto de Matemáticas,Un modelo matemático para predecir el comportamiento de la epidemia de coronavirus (COVID-19) en República Dominicana
CIENCIAS,Instituto de Matemáticas,Ortogonalidad tipo Sobolev y aproximación racional
CIENCIAS,Instituto de Matemáticas,Series de Fourier-Sobolev para productos Discreto-Continuos
CIENCIAS,Instituto de Matemáticas,Polinomios extremales con respecto a normas de Sobolev y aplicaciones
CIENCIAS,Instituto de Matemáticas,Esturctura Típica del Grupo Multiplicativo Módulo N
CIENCIAS,Instituto de Matemáticas,Integralidad y no integralidad de Campos Vectoriales Polinomiales en el Plano Complejo mediante Teoría de Galois Diferencial
CIENCIAS,Instituto de Matemáticas,Aproximación Semiclásica de Sistemas Hamiltonianos con potenciales Homogéneos de dos grados de libertad y osciladores no autónomos
CIENCIAS,Instituto de Matemáticas,Primitivas iteradas de los polinomios de Laguerre y aplicaciones
CIENCIAS,Instituto de Matemáticas,"Efectividad de una Metodología basada en los Estilos de Aprendizaje en la Enseñanza de la Matemática del ciclo básico, en la Docencia Universitaria Dominicana"
CIENCIAS,Instituto de Matemáticas,Polinomios de Laguerre-Sobolev y aplicaciones a las ecuaciones lineales en diferencias
CIENCIAS,Instituto de Microbiología y Parasitología,Caracterización molecular y diagnóstico inmunológico de antígenos de Fasciola hepática en heces en el Ganado bovino y Caprino de República Dominicana (2016-2018)
CIENCIAS,Instituto de Microbiología y Parasitología,Determinación de la resistencia a insecticidas y sus mecanismos en vectores trasmisores de arbovirosis en República Dominicana
CIENCIAS,Instituto de Química,Estudios preclínicos preliminares de Koanólido A.
CIENCIAS,Instituto de Química,"Aprovechamiento de los pepinos de mar Holothuria mexicana, badionotus y multipidus, existentes en mares de de República Dominicana y la microbiota asociada mediante tecnología de secuenciación de alto rendimiento, para diseñar estrategias de manejo ecológico, conservación y aprovechamiento biotecnológico sustentable de los recursos genéticos, costeros y marinos."
CIENCIAS,Instituto Geográfico Universitario,"Actualización de la clasificación de la vegetación, según la clasificación de Häger y Zanoni, su distribución espacial y mapa de la vegetación de la República Dominicana"
CIENCIAS,Instituto Geográfico Universitario,Migración y paisaje. Reflexiones geográficas sobre la cuenca del río Bao (1980-2019
CIENCIAS,Instituto Geográfico Universitario,Alianza y mejora de capacidades interuniversitarias para la sostenibilidad del litoral caribe; +Caribe.
CIENCIAS AGRONÓMICAS Y VETERINARIAS,Instituto Nacional de Investigaciones Agropecuarias -INIA,Caracterización tecnológica de la producción actual de Pitahaya (Hylocereus undatus Britt el Rose)
CIENCIAS AGRONÓMICAS Y VETERINARIAS,Instituto Nacional de Investigaciones Agropecuarias -INIA,Sostenibilidad Financiera y Física del Servicio Tarifario en el Sistema de Riego Mao – Gurabo
CIENCIAS AGRONÓMICAS Y VETERINARIAS,Instituto de Enfermedades Infecciosas y Zoonóticas,"Tuberculosis bovina: Evaluación de técnicas diagnósticas, caracterización molecular de aislamientos y detección de resistencia antimicrobiana en República Dominicana"
CIENCIAS AGRONÓMICAS Y VETERINARIAS,Instituto de Enfermedades Infecciosas y Zoonóticas,Caracterización del virus de la Hepatitis por cuerpos de inclusión y determinación de estrategias para su prevención en la República Dominicana
CIENCIAS AGRONÓMICAS Y VETERINARIAS,Instituto de Enfermedades Infecciosas y Zoonóticas,Risk assessment of swine swill feeding in the Eastern region of the Dominican Republic
CIENCIAS AGRONÓMICAS Y VETERINARIAS,Instituto Nacional de Investigaciones Agropecuarias -INIA,Prospección de microorganismos parásitos de Hemileia vastratrix en plantaciones de café de San Juan
CIENCIAS AGRONÓMICAS Y VETERINARIAS,Instituto Nacional de Investigaciones Agropecuarias -INIA,"Aislamiento, identificación, caracterización de bacterias probióticas nativas (Lactobacillus y Bifidobacterium) aisladas del tracto estomacal humano"
CIENCIAS AGRONÓMICAS Y VETERINARIAS,Instituto Nacional de Investigaciones Agropecuarias -INIA,Mejora de la productividad de ají y tomate mediante el estudio de las interacciones virus-plantas para la selección de factores asociados con la resistencia
CIENCIAS AGRONÓMICAS Y VETERINARIAS,Instituto Nacional de Investigaciones Agropecuarias -INIA,Actualización de agentes virales de transmisión mecánica y por vectores e implicaciones para su manejo en cultivos de ambiente protegido
CIENCIAS AGRONÓMICAS Y VETERINARIAS,Instituto Nacional de Investigaciones Agropecuarias -INIA,Aplicación de técnicas biotecnológicas para el control de enfermedades virales en ajo (Allium sativum L.)
CIENCIAS AGRONÓMICAS Y VETERINARIAS,Instituto Nacional de Investigaciones Agropecuarias -INIA,"Secuestro de carbono en suelos de bosques cacaotaleros del municipio Los Hidalgos, provincia Puerto Plata: un componente que mitiga el cambio climático."
CIENCIAS AGRONÓMICAS Y VETERINARIAS,Instituto Nacional de Investigaciones Agropecuarias -INIA,Estudios bioecológicos comparativos de Orius Insidiousus Vs Orius Laevigatus
CIENCIAS AGRONÓMICAS Y VETERINARIAS,Instituto Nacional de Investigaciones Agropecuarias -INIA,Uso de técnicas moleculares de nueva generación con fines estratégicos en la República Dominicana
CIENCIAS AGRONÓMICAS Y VETERINARIAS,Instituto Nacional de Investigaciones Agropecuarias -INIA,Indicadores de sostenibilidad en sistemas de producción ganadera de doble propósito y diseño de aplicaciones informáticas para aumentar su competitividad en la República Dominicana
CIENCIAS AGRONÓMICAS Y VETERINARIAS,Instituto Nacional de Investigaciones Agropecuarias -INIA,Aislamiento y caracterización molecular de nematodos entomopatógenos como alternativa de Control Biológico de insectos de Suelos en cultivos tropicales
CIENCIAS AGRONÓMICAS Y VETERINARIAS,Instituto Nacional de Investigaciones Agropecuarias -INIA,Situación sanitaria de las granjas de producción acuícola en República Dominicana y su impacto económico
CIENCIAS AGRONÓMICAS Y VETERINARIAS,Instituto Nacional de Investigaciones Agropecuarias -INIA,Desarrollo de tecnología para escalamiento de la producción masiva de insectos benéficos y desarrollo de estrategias en uso en campo e invernadero.
CIENCIAS AGRONÓMICAS Y VETERINARIAS,Instituto Nacional de Investigaciones Agropecuarias -INIA,"Diagnóstico y efecto de la utilización del control biológico y biopreparados sobre las plagas insectiles de importancia en Pitahaya, Hylocereus spp."
CIENCIAS AGRONÓMICAS Y VETERINARIAS,Instituto Nacional de Investigaciones Agropecuarias -INIA,Potenciando la rentabilidad del cultivo de aguacate (Peresea Americana Mill) mediante la detección inteligente de enfermedades y un manejo integral
CIENCIAS AGRONÓMICAS Y VETERINARIAS,Instituto Nacional de Investigaciones Agropecuarias -INIA,Evaluación del Impacto de las mutaciones presentes en las variantes severas de los Virus del Tomate y Habichuela - base para la búsqueda de genes de susceptibilidad en variedades comerciales
CIENCIAS DE LA EDUCACIÓN,Instituto de Investigación e Innovación Educativa,Concepción pedagógica de la formación de doctores en las IES en la República Dominicana. Metodología para su implementación
CIENCIAS DE LA SALUD,Instituto de Investigaciones en Salud,"Utilización de un Modelo innovador basado en comunidad, para el manejo y el seguimiento por personal de salud no médicos (PSNM), para mejorar la conciencia, el tratamiento y el control de la hipertentensión arterial (HTA)"
CIENCIAS DE LA SALUD,Instituto de Investigaciones en Salud,"Estudio diagnóstico sobre la relación entre infección parasitaria intestinal, estado nutricional y eficiencia lectora en los escolares de Santo Domingo Este (2020-2021)"
CIENCIAS DE LA SALUD,Instituto de Investigaciones en Salud,Caracterización físico-química morfológica y metagenómica de peloides de la República Dominicana para usos medicinales (peloides)
CIENCIAS DE LA SALUD,Instituto de Investigaciones en Salud,Nivel de Hormonas Corticotrópicas en Pelo como Marcadores Noveles de Estrés Psicosocial Crónico y Factores de Riesgo Para el Desarrollo de Disfunción Inmune y Síndrome Metabólico
CIENCIAS DE LA SALUD,Instituto de Investigaciones en Salud,Prospección y aislamiento de compuestos antioxidantes con actividad antineoplásica de dos especies endémicas rubiaceae (PACAR)
CIENCIAS DE LA SALUD,Instituto de Investigaciones en Salud,"SARS CoV-2 en aguas residuales: una aproximación metagenómica y epidemiológica para analizar perfiles de distribución y abundancia del virus en aguas urbanas, y evaluar riesgos de dispersión ambiental en República Dominicana"
CIENCIAS DE LA SALUD,Instituto de Investigaciones en Salud,"Caracterización molecular de los Errores Innatos Del Metabolismo detectados en pacientes menores de 1 año de edad, en condiciones críticas de salud y hospitalizaciones recurrentes, en el Hospital Infantil Dr. Robert Reid Cabral y el Hospital Dr. Arturo Grullón de la República Dominicana"
CIENCIAS DE LA SALUD,Instituto de Investigaciones en Salud,"Efectos psicosociales y económicos en las personas que han enfermado por el COVID-19 en las provincias Duarte y María Trinidad Sánchez, 2021 al 2022"
CIENCIAS DE LA SALUD,Instituto de Investigaciones en Salud,"Síndrome metabólico en personas viviendo con VIH en las clínicas de servicios de atención integral de La Vega y Valverde Mao, 2018-2019"
CIENCIAS DE LA SALUD,Instituto de Investigaciones en Salud,"Influencia del tamaño-morfología dental, altura abrazadera y material del perno sobre la distribución de estrés en el inciso central superior: un análisis de elemento finito."
CIENCIAS DE LA SALUD,Instituto de Investigaciones en Salud,Optimización de estrategias de Micorremediación para el tratamiento de biosólidos municipales: diseño racional de biofertilizantes y transferencia tecnológica a pequeños productores agrícolas
CIENCIAS DE LA SALUD,Instituto de Investigaciones en Salud,"Biosíntesis y caracterización de fitonanopartículas de cobre y plata utilizando extractos de las plantas Vaccinium ekmanii Berazaín (Ericaceae) y Jacquinia berteroi Spreng (Theophrastaceae) en busca de potenciar y optimizar su efecto Antimicrobial y su actividad antitumoral en líneas celulares de cáncer humano (Nanopartículas, A/A)"
CIENCIAS DE LA SALUD,Instituto de Investigaciones en Salud,"Caracterizacion de estructura(s) química(s) de metabolitos y perfil transcripcional de genes y/o clusters de genes biosintéticos, involucrados en la síntesis de moleculas con actividad antitumoral, antiincrustante y antimicrobiana en las cianobacterias Hapalosiphon sp. y scilatoria sp."
CIENCIAS DE LA SALUD,Instituto de Investigaciones en Salud,Actividad anti-proliferativa de extractos parcialmente purificados obtenidos de las especies endémicas L. quisqueyana y L. marcanoi sobre líneas celulares tumorales humanas y sus posibles mecanismos de acción. (QUIMAR)
CIENCIAS DE LA SALUD,Instituto de Investigaciones en Salud,Desarrollo del potencial del cultivo de microalgas en República Dominicana para obtener biomasa de un elevado aporte nutricional para la alimentación humana y animal
CIENCIAS DE LA SALUD,Instituto de Investigaciones en Salud,Evidencia imagenológica de sufrimiento trigeminal como guía para la decisión terapéutica a propósito de 40 casos de Neuralgia Trigeminal Refractaria
CIENCIAS DE LA SALUD,Instituto de Investigaciones en Salud,"Identificar el riesgo nutricional en la gestante y su impacto en el lactante mediante técnicas de composición corporal en la Maternidad San Lorenzo de Los Mina, del 2023 al 2025"
CIENCIAS DE LA SALUD,Instituto de Investigaciones en Salud,"Inteligencia artificial y sistemas de alerta temprana, basados en eco-epidemiología para mejorar la respuesta de salud pública ante virus transmitidos por Aedes en la República Dominicana"
CIENCIAS DE LA SALUD,Instituto de Investigaciones en Salud,"ProMeSA (Proyecto para Mejorar la Seguridad Alimentaria) Huertos urbanos y consejería nutricional para mejorar la atención y la inseguridad alimentaria en las personas que viven con VIH en la República Dominicana, 2023 al 2028"
CIENCIAS DE LA SALUD,Instituto de Investigaciones en Salud,Investigación de principios activos de especies nativas de la flora medicinal dominicana para desarrollar bioproductos con propiedades y aplicaciones dermacéuticas –BIOPROD.
CIENCIAS DE LA SALUD,Instituto de Investigaciones en Salud,Aislamiento y caracterización de los componentes fitoquímicos responsables de las propiedades antimicrobianas y citotóxicas de las plantas Hyptis chilanta y Lippia domingensis (ACMACI)
CIENCIAS ECONÓMICAS Y SOCIALES,Instituto de Estudios de Género y Familia,Condiciones socioeconómicas y de acceso a derechos de la población LGTBIQ+ en República Dominicana
CIENCIAS ECONÓMICAS Y SOCIALES,Instituto de Investigaciones Socioeconómicas,Sistema penitenciario y el perfil de los detenidos en la sociedad dominicana: apuntes para una sociología de las cárceles dominicanas (2010-2019)
CIENCIAS ECONÓMICAS Y SOCIALES,Instituto de Investigaciones Socioeconómicas,Análisis y evaluación de las políticas fiscales y monetarias de la Republica Dominicana
CIENCIAS ECONÓMICAS Y SOCIALES,Instituto de Investigaciones Socioeconómicas,Estudio del proceso de mercadeo de productos agrícolas para el diseño de canales alternativos de distribución
CIENCIAS JURÍDICAS Y POLÍTICAS,Instituto de Investigaciones Jurídicas y Políticas,De la Cuota Femenina a la Paridad: representación Política e Institucional en la República Dominicana (2010-2016)
CIENCIAS JURÍDICAS Y POLÍTICAS,Instituto de Investigaciones Jurídicas y Políticas,Elecciones Primarias Presidenciales 2019 y Democratización de los Partidos Políticos en la República Dominicana
CIENCIAS JURÍDICAS Y POLÍTICAS,Instituto de Investigaciones Jurídicas y Políticas,"Historia política y biografía social, Joaquín Balaguer en la Política Dominicana Moderna: 1930-1996 (primera fase 1930-1978"
CIENCIAS JURÍDICAS Y POLÍTICAS,Instituto de Investigaciones Jurídicas y Políticas,"Judicialización de la gestión ambiental en la República Dominicana, 2000-2018"
CIENCIAS JURÍDICAS Y POLÍTICAS,Instituto de Investigaciones Jurídicas y Políticas,Desarrollo político como democracia radical
CIENCIAS JURÍDICAS Y POLÍTICAS,Instituto de Investigaciones Jurídicas y Políticas,"Determinantes jurídicas y políticas para el
surgimiento del estado dominicano. 2da parte,"
HUMANIDADES,Instituto de Historia,Catálogo de los protocolos notariales 1844-1861
HUMANIDADES,Instituto de Historia,"La ocupación haitiana de Santo Domingo, 1822-1844"
HUMANIDADES,Instituto de Investigaciones Fiolosóficas,"Cuestionario de problemas sociomorales (DIT) de Rest, con estudiantes de la Universidad Autónoma de Santo Domingo, primer semestre del año 2021."
HUMANIDADES,Instituto de Investigaciones Fiolosóficas,La incidencia del cibermundo virtual en la República Dominicana (1998-2020)
HUMANIDADES,Instituto de Investigaciones Fiolosóficas,Efectividad de un programa de ética y responsabilidad en el uso de la tecnología en el ámbito académico en estudiantes con asignaturas activas de la Facultad de Humanidades de la UASD
HUMANIDADES,Instituto de Investigaciones Lingüísticas y Literarias,"Análisis del discurso constitucionalista en los documentales: “Abril: la trinchera del honor” (1988); “Guerra constitucionalista del 65” (2006) y “Abril: bodas de oro con la patria” (2015),"
HUMANIDADES,Instituto de Psicología,Perfil Psicográfico del Estudiante Universitario Dominicano
HUMANIDADES,Instituto de Psicología,Viabilidad de grupo en comparación con autogestión de depresión utilizando una aplicación móvil para mejorar el cumplimiento de tratamiento entre pacientes de atención primaria en la República Dominicana
HUMANIDADES,Instituto de Psicología,Efectividad de un programa piloto para el fortalecimiento de las competencias investigativas en los estudiantes universitarios de la Facultad de Humanidades
INGENIERÍA Y ARQUITECTURA,Instituto de Energía,Estudio numérico y experimental del CO2 como refrigerante y su potencial en la República Dominicana.
INGENIERÍA Y ARQUITECTURA,Instituto de Investigaciones Aplicadas a las Ingenierías,Bioconversión de gas de síntesis para la producción biotecnológica de alcoholes de orden superior a partir de Procesos fermentativos
INGENIERÍA Y ARQUITECTURA,Instituto de Investigaciones Aplicadas a las Ingenierías,Metodos biotecnologicos y fisico-quimicos avanzados para el procesamiento de aguas residuales industriales con contaminantes emergentes (antibioticos betalactamicos)
INGENIERÍA Y ARQUITECTURA,Instituto de Investigaciones Aplicadas a las Ingenierías,Estudio del Desgaste y la Resistencia Mecánica de Huesos de Humanos afectados por Osteoporosis aplicando Métodos Tribológicos y de la Mecánica Fractal
INGENIERÍA Y ARQUITECTURA,Instituto de Investigaciones Aplicadas a las Ingenierías,Impacto por eutrofización del sistema anaeróbico de depuración de aguas residuales del Recinto UASD -Santiago.
INGENIERÍA Y ARQUITECTURA,Instituto de Investigaciones Aplicadas a las Ingenierías,Rediseño de un reactor anaeróbico de flujo ascendente recinto Santiago
INGENIERÍA Y ARQUITECTURA,Instituto de Investigaciones Aplicadas a las Ingenierías,Estimacion de la vulnerabilidad de la estructura de edificios de muros delgados de concreto ante un sismo
INGENIERÍA Y ARQUITECTURA,Instituto de Investigaciones Aplicadas a las Ingenierías,Factores de emisión de dióxido de carbono y metano en sistemas anaeróbicos de tratamiento de aguas residuales y en vertederos de República Dominicana
INGENIERÍA Y ARQUITECTURA,Instituto de Investigaciones Aplicadas a las Ingenierías,Evaluación de la amenaza sísmica y vulnerabilidad física y social en el valle del Cibao: avances para reducir los riesgos naturales y aumentar la resiliencia de la población en la República Dominicana
INGENIERÍA Y ARQUITECTURA,"Instituto de Tránsito, Movilidad y tatata",Evaluación del comportamiento de los peatones ante factores de riesgo de seguridad vial usando realidad virtual
INGENIERÍA Y ARQUITECTURA,Instituto de Urbanismo,La arquitectura como elemento transformador del entorno urbano. Caso Faro a Colón de Santo Domingo Este.
INGENIERÍA Y ARQUITECTURA,Instituto de Urbanismo,"Plan estratégico de desarrollo para el Distrito Municipal de Caleta, provincia La Romana. Cómo lo urbano, social y económico se escrutan para alcanzar un desarrollo sostenible del turismo."